id;email;full_name;created_at;password_hash
1;Mylene_Lopez38@gmail.com;lectorat ouille;2025-09-03T01:32:36;antagoniste
2;Ariste_Dupuy@gmail.com;à condition que de peur que;2025-09-03T10:16:25;électorat rose bof
3;France67@yahoo.fr;miaou;2025-09-02T18:20:34;hors de
4;Alphonse79@gmail.com;à bas de que gratis;2025-09-02T16:07:54;hôte ainsi lorsque
5;Armandine.Francois8@gmail.com;oui super;2025-09-03T09:07:13;adorable
6;Adegrine80@yahoo.fr;au prix de tellement;2025-09-03T14:00:12;bang
7;Trajan15@yahoo.fr;repousser;2025-09-03T01:38:02;tant tant intrépide
8;Berard99@gmail.com;passablement;2025-09-02T17:35:35;triste redresser
9;Timoleon41@yahoo.fr;fixer direction pendant que;2025-09-02T22:57:04;du moment que simple perplexe
10;Louis36@yahoo.fr;crac prestataire de services;2025-09-03T11:31:51;lors de
