id;login;first_name;last_name;email;image_url;activated;lang_key
1;"_R@-T--DO\$M8\2G\{JzuZ\mcg\,Pos";Sigebert;Lefevre;Geraud96@gmail.com;pour que cadre de crainte que;false;autour de 
2;"7";Jacqueline;Brunet;Robert35@hotmail.fr;infime;false;délégation
3;"1SZ7qs@dx\nBJnDG-\gWQy\pq4U";Anne;Lopez;Adrien50@hotmail.fr;souple émerger mal;true;ha même si
4;"*=gH~H@I\FBt";Éliane;Aubry;Barbe.Henry23@hotmail.fr;volontiers;true;doucement
5;"-o@8S\/gRhN\@yYI\yf\d72mi\XXaZW";Arcade;Mathieu;Alphee9@yahoo.fr;loin de insolite fort;false;hi lorsque
6;"QxHQ@8q\MlNRd\mXXgrp\WvT\rsD8fN1\F0rmQ";Calixte;Nicolas;Alexandre.Laurent49@gmail.com;équipe de recherche amorphe grrr;false;quasiment 
7;"ru47X";Sébastien;Fernandez;Clementine_Dasilva@gmail.com;du moment que;false;cot cot at
8;"69YtdQ@7\XoZ19lI\HgGYg4";Arsène;Huet;Timoleon99@yahoo.fr;snif;true;pin-pon
9;"J7";Lauriane;Thomas;Garnier_Jacquet86@hotmail.fr;certes aigre contrarier;false;peu boum
10;".";Guérin;Collet;Alois33@hotmail.fr;quasiment séculaire;true;vide oblig
